INSERT INTO schools (id, location)
VALUES
	(101, 'Berlin'),
	(102, 'London'),
	(103, 'Paris');

INSERT INTO classes (id, name, school_id)
VALUES
	(1001, 101, 'Class A'),
	(1002, 101, 'Class B'),
	(1003, 101, 'Class C'),
	(1004, 102, 'Class A'),
	(1005, 102, 'Class B'),
	(1006, 102, 'Class C'),
	(1007, 103, 'Class A'),
	(1008, 103, 'Class B'),
	(1009, 103, 'Class C');

INSERT INTO users (id, first_name, last_name, password, role) 
VALUES 
    ('10001', 'user', 'name', 
    '$2a$12$OnF1/U4/4QB4ccWdS5R4b.RLfGptno1kP4rGt8pPdAN24p8TULRnS', 'user'),
    ('10002', 'school', 'name', 
    '$2a$12$OnF1/U4/4QB4ccWdS5R4b.RLfGptno1kP4rGt8pPdAN24p8TULRnS', 'school');
    ('10003', 'master', 'user', 
    '$2a$12$OnF1/U4/4QB4ccWdS5R4b.RLfGptno1kP4rGt8pPdAN24p8TULRnS', 'master');

INSERT INTO students (id, first_name, last_name, level)
VALUES 
    ('1001', 'Charlie', 'Kelly', 'K1'),
    ('1002', 'Dennis', 'Reynolds', 'K3'),
    ('1003', 'Ronald', 'McDonald', 'K2'),
    ('1004', 'Deandra', 'Reynolds', 'K3'),
    ('1005', 'Frank', 'Reynolds', 'K3'),
    ('1006', 'Matty', 'Mara', 'K1'),
    ('1007', 'Liam', 'McPoyle', 'K1'),
    ('1008', 'Ryan', 'McPoyle', 'K2'),
    ('1009', 'Frank', 'Kelly', 'K2'),
    ('1010', 'Luther', 'McDonald', 'K2');

INSERT INTO master_books (id, isbn, title, stage, condition)
VALUES
    ('014130670X', 'Turtle and Snake Go Camping', 1),
	('448457636', 'Bake, Mice, Bake!', 1),
	('448461579', 'We Are Twins ', 1),
	('448461587', 'Max Has a Fish', 1),
	('448463059', 'Cat Days', 1),
	('448462648', 'Clara and Clem Take a Ride', 1),
	('9780448496467', 'Guppy Up!', 1),
	('448463768', 'On a Farm', 1),
	('0448461803', 'A New Friend', 1),
	('448464713', 'At the Beach', 1),
	('0448461803', 'A New Friend', 1),
	('448467194', 'In the Forest', 1),
	('448467216', 'Clara and Clem in Outer Space', 1),
	('9780448479897', 'Muddy, Mud, Bud', 1),
	('448478129', 'Clara and Clem Under the Sea', 1),
	('448482193', 'Go to Bed, Blue', 1),
	('448488329', 'Vroom, Zoom, Bud', 1),
	('448479931', 'Max Finds an Egg', 1),
	('61252131', 'Gilbert, the Surfer Dude', 2),
	('64440346', 'Owl at Home', 2),
	('006054452X', 'Amazing Tigers!', 2),
	('60099208', 'Big Max and the Mystery of the Missing Giraffe', 2),
	('60518952', 'Happy Haunting, Amelia Bedelia', 2),
	('9780060544645', 'Amazing Snakes!', 2),
	('60544554', 'Amazing Dolphins!', 2),
	('60838000', 'Bread and Jam for Frances', 2),
	('64443191', 'Detective Dinosaur Undercover', 2),
	('9780061255359', 'Pony Scouts: Pony Crazy', 2),
	('60005300', 'The Day the Dinosaurs Died', 2),
	('61255440', 'Pony Scouts: At the Show', 2),
	('9780060530556', 'After the Dinosaurs: Mammoths and Fossil Mammals ', 2),
	('64440133', 'Mouse Tales', 2),
	('394865871', 'Little Witchs Big Night: A Little Witch Book', 3),
	('394874714', 'Hungry, Hungry Sharks', 3),
	('394892798', 'The Missing Tooth', 3),
	('9780679802181', 'The First Thanksgiving', 3),
	('679823859', 'The Nutcracker Ballet', 3),
	('679861661', 'The True Story of Pocahontas', 3),
	('0679867384', 'Arthurs Reading Race', 3),
	('679872841', 'Gorillas: Gentle Giants of the Forest', 3),
	('679884645', 'Arthur Tricks the Tooth Fairy', 3),
	('679884661', 'Arthurs Lost Puppy', 3),
	('067989229X', 'The Berenstain Bears and the Tic-Tac-Toe Mystery', 3),
	('375810013', 'Arthur and the School Pet', 3),
	('679892303', 'The Berenstain Bears and the Missing Watermelon Money ', 3),
	('375813071', 'Tentacles!: Tales of the Giant Squid', 3),
	('375821791', 'Little Witch Learns to Read: A Little Witch Book ', 3),
	('375829733', 'Arthur Lost in the Museum', 3),
	('375811206', 'Lewis and Clark: A Prairie Dog for the President', 3),
	('375831150', 'Listen Up!: Alexander Graham Bells Talking Machine', 3),
	('375841164', 'Motorcycles!', 3);

INSERT INTO book_sets (set_id, school_id)
VALUES
	('1', '101'),
	('2', '101'),
	('3', '102'),
	('4', '103'),
	('5', '103');
	
INSERT INTO books (id, isbn, book_set)
VALUES
	('101', '014130670X', '1'),
	('102', '448457636', '1'),
	('103', '448461579', '1'),
	('104', '448461587', '1'),
	('105', '448463059', '1'),
	('106', '448462648', '1'),
	('107', '9780448496467', '1'),
	('108', '448463768', '1'),
	('109', '0448461803', '1'),
	('110', '448464713', '1'),
	('111', '0448461803', '1'),
	('112', '448467194', '1'),
	('113', '448467216', '1'),
	('114', '9780448479897', '1'),
	('115', '448478129', '1'),
	('116', '448482193', '1'),
	('117', '448488329', '1'),
	('118', '448479931', '1'),
	('119', '61252131', '1'),
	('120', '64440346', '1'),
	('121', '006054452X', '1'),
	('122', '60099208', '1'),
	('123', '60518952', '1'),
	('124', '9780060544645', '1'),
	('125', '60544554', '1'),
	('126', '60838000', '1'),
	('127', '64443191', '1'),
	('128', '9780061255359', '1'),
	('129', '60005300', '1'),
	('130', '61255440', '1'),
	('131', '9780060530556', '1'),
	('132', '64440133', '1'),
	('133', '394865871', '1'),
	('134', '394874714', '1'),
	('135', '394892798', '1'),
	('136', '9780679802181', '1'),
	('137', '679823859', '1'),
	('138', '679861661', '1'),
	('139', '0679867384', '1'),
	('140', '679872841', '1'),
	('141', '679884645', '1'),
	('142', '679884661', '1'),
	('143', '067989229X', '1'),
	('144', '375810013', '1'),
	('145', '679892303', '1'),
	('146', '375813071', '1'),
	('147', '375821791', '1'),
	('148', '375829733', '1'),
	('149', '375811206', '1'),
	('150', '375831150', '1'),
	('151', '375841164', '1');

INSERT INTO borrow_record (student_id, book_id, borrow_date, return_date)
VALUES 
    ('1001', '102', '2023-10-10', '2023-10-17'),
    ('1001', '103', '2023-10-17', '2023-10-24'),
    ('1001', '104', '2023-10-24', NULL),
    ('1003', '113', '2023-10-27', NULL),
    ('1005', '112', '2023-10-19', NULL),
    ('1004', '111', '2023-10-18', NULL),
    ('1006', '102', '2023-10-17', NULL);